"date","value","topic","variable_short","variable_long","location","unit","source","update","public","description"
2020-01-01,92,"Bildung","training_mathematik_lmvz","Nutzung des Fertigkeitstrainings 1-6 für Mathematik auf der Primarstufe","global","Anzahl Starts Fertigkeitstraining","Lehrmittelverlag Zürich","täglich","Ja","https://bildungsmonitoringzh.github.io/covid19_edu_lmvzmath/"
2020-01-02,189,"Bildung","training_mathematik_lmvz","Nutzung des Fertigkeitstrainings 1-6 für Mathematik auf der Primarstufe","global","Anzahl Starts Fertigkeitstraining","Lehrmittelverlag Zürich","täglich","Ja","https://bildungsmonitoringzh.github.io/covid19_edu_lmvzmath/"
2020-01-03,206,"Bildung","training_mathematik_lmvz","Nutzung des Fertigkeitstrainings 1-6 für Mathematik auf der Primarstufe","global","Anzahl Starts Fertigkeitstraining","Lehrmittelverlag Zürich","täglich","Ja","https://bildungsmonitoringzh.github.io/covid19_edu_lmvzmath/"
2020-01-04,169,"Bildung","training_mathematik_lmvz","Nutzung des Fertigkeitstrainings 1-6 für Mathematik auf der Primarstufe","global","Anzahl Starts Fertigkeitstraining","Lehrmittelverlag Zürich","täglich","Ja","https://bildungsmonitoringzh.github.io/covid19_edu_lmvzmath/"
2020-01-05,177,"Bildung","training_mathematik_lmvz","Nutzung des Fertigkeitstrainings 1-6 für Mathematik auf der Primarstufe","global","Anzahl Starts Fertigkeitstraining","Lehrmittelverlag Zürich","täglich","Ja","https://bildungsmonitoringzh.github.io/covid19_edu_lmvzmath/"
2020-01-06,1040,"Bildung","training_mathematik_lmvz","Nutzung des Fertigkeitstrainings 1-6 für Mathematik auf der Primarstufe","global","Anzahl Starts Fertigkeitstraining","Lehrmittelverlag Zürich","täglich","Ja","https://bildungsmonitoringzh.github.io/covid19_edu_lmvzmath/"
2020-01-07,1309,"Bildung","training_mathematik_lmvz","Nutzung des Fertigkeitstrainings 1-6 für Mathematik auf der Primarstufe","global","Anzahl Starts Fertigkeitstraining","Lehrmittelverlag Zürich","täglich","Ja","https://bildungsmonitoringzh.github.io/covid19_edu_lmvzmath/"
2020-01-08,1337,"Bildung","training_mathematik_lmvz","Nutzung des Fertigkeitstrainings 1-6 für Mathematik auf der Primarstufe","global","Anzahl Starts Fertigkeitstraining","Lehrmittelverlag Zürich","täglich","Ja","https://bildungsmonitoringzh.github.io/covid19_edu_lmvzmath/"
2020-01-09,1510,"Bildung","training_mathematik_lmvz","Nutzung des Fertigkeitstrainings 1-6 für Mathematik auf der Primarstufe","global","Anzahl Starts Fertigkeitstraining","Lehrmittelverlag Zürich","täglich","Ja","https://bildungsmonitoringzh.github.io/covid19_edu_lmvzmath/"
2020-01-10,1064,"Bildung","training_mathematik_lmvz","Nutzung des Fertigkeitstrainings 1-6 für Mathematik auf der Primarstufe","global","Anzahl Starts Fertigkeitstraining","Lehrmittelverlag Zürich","täglich","Ja","https://bildungsmonitoringzh.github.io/covid19_edu_lmvzmath/"
2020-01-11,217,"Bildung","training_mathematik_lmvz","Nutzung des Fertigkeitstrainings 1-6 für Mathematik auf der Primarstufe","global","Anzahl Starts Fertigkeitstraining","Lehrmittelverlag Zürich","täglich","Ja","https://bildungsmonitoringzh.github.io/covid19_edu_lmvzmath/"
2020-01-12,377,"Bildung","training_mathematik_lmvz","Nutzung des Fertigkeitstrainings 1-6 für Mathematik auf der Primarstufe","global","Anzahl Starts Fertigkeitstraining","Lehrmittelverlag Zürich","täglich","Ja","https://bildungsmonitoringzh.github.io/covid19_edu_lmvzmath/"
2020-01-13,1270,"Bildung","training_mathematik_lmvz","Nutzung des Fertigkeitstrainings 1-6 für Mathematik auf der Primarstufe","global","Anzahl Starts Fertigkeitstraining","Lehrmittelverlag Zürich","täglich","Ja","https://bildungsmonitoringzh.github.io/covid19_edu_lmvzmath/"
2020-01-14,1546,"Bildung","training_mathematik_lmvz","Nutzung des Fertigkeitstrainings 1-6 für Mathematik auf der Primarstufe","global","Anzahl Starts Fertigkeitstraining","Lehrmittelverlag Zürich","täglich","Ja","https://bildungsmonitoringzh.github.io/covid19_edu_lmvzmath/"
2020-01-15,1284,"Bildung","training_mathematik_lmvz","Nutzung des Fertigkeitstrainings 1-6 für Mathematik auf der Primarstufe","global","Anzahl Starts Fertigkeitstraining","Lehrmittelverlag Zürich","täglich","Ja","https://bildungsmonitoringzh.github.io/covid19_edu_lmvzmath/"
2020-01-16,1313,"Bildung","training_mathematik_lmvz","Nutzung des Fertigkeitstrainings 1-6 für Mathematik auf der Primarstufe","global","Anzahl Starts Fertigkeitstraining","Lehrmittelverlag Zürich","täglich","Ja","https://bildungsmonitoringzh.github.io/covid19_edu_lmvzmath/"
2020-01-17,874,"Bildung","training_mathematik_lmvz","Nutzung des Fertigkeitstrainings 1-6 für Mathematik auf der Primarstufe","global","Anzahl Starts Fertigkeitstraining","Lehrmittelverlag Zürich","täglich","Ja","https://bildungsmonitoringzh.github.io/covid19_edu_lmvzmath/"
2020-01-18,213,"Bildung","training_mathematik_lmvz","Nutzung des Fertigkeitstrainings 1-6 für Mathematik auf der Primarstufe","global","Anzahl Starts Fertigkeitstraining","Lehrmittelverlag Zürich","täglich","Ja","https://bildungsmonitoringzh.github.io/covid19_edu_lmvzmath/"
2020-01-19,359,"Bildung","training_mathematik_lmvz","Nutzung des Fertigkeitstrainings 1-6 für Mathematik auf der Primarstufe","global","Anzahl Starts Fertigkeitstraining","Lehrmittelverlag Zürich","täglich","Ja","https://bildungsmonitoringzh.github.io/covid19_edu_lmvzmath/"
2020-01-20,1429,"Bildung","training_mathematik_lmvz","Nutzung des Fertigkeitstrainings 1-6 für Mathematik auf der Primarstufe","global","Anzahl Starts Fertigkeitstraining","Lehrmittelverlag Zürich","täglich","Ja","https://bildungsmonitoringzh.github.io/covid19_edu_lmvzmath/"
2020-01-21,1565,"Bildung","training_mathematik_lmvz","Nutzung des Fertigkeitstrainings 1-6 für Mathematik auf der Primarstufe","global","Anzahl Starts Fertigkeitstraining","Lehrmittelverlag Zürich","täglich","Ja","https://bildungsmonitoringzh.github.io/covid19_edu_lmvzmath/"
2020-01-22,1419,"Bildung","training_mathematik_lmvz","Nutzung des Fertigkeitstrainings 1-6 für Mathematik auf der Primarstufe","global","Anzahl Starts Fertigkeitstraining","Lehrmittelverlag Zürich","täglich","Ja","https://bildungsmonitoringzh.github.io/covid19_edu_lmvzmath/"
2020-01-23,1645,"Bildung","training_mathematik_lmvz","Nutzung des Fertigkeitstrainings 1-6 für Mathematik auf der Primarstufe","global","Anzahl Starts Fertigkeitstraining","Lehrmittelverlag Zürich","täglich","Ja","https://bildungsmonitoringzh.github.io/covid19_edu_lmvzmath/"
2020-01-24,900,"Bildung","training_mathematik_lmvz","Nutzung des Fertigkeitstrainings 1-6 für Mathematik auf der Primarstufe","global","Anzahl Starts Fertigkeitstraining","Lehrmittelverlag Zürich","täglich","Ja","https://bildungsmonitoringzh.github.io/covid19_edu_lmvzmath/"
2020-01-25,209,"Bildung","training_mathematik_lmvz","Nutzung des Fertigkeitstrainings 1-6 für Mathematik auf der Primarstufe","global","Anzahl Starts Fertigkeitstraining","Lehrmittelverlag Zürich","täglich","Ja","https://bildungsmonitoringzh.github.io/covid19_edu_lmvzmath/"
2020-01-26,363,"Bildung","training_mathematik_lmvz","Nutzung des Fertigkeitstrainings 1-6 für Mathematik auf der Primarstufe","global","Anzahl Starts Fertigkeitstraining","Lehrmittelverlag Zürich","täglich","Ja","https://bildungsmonitoringzh.github.io/covid19_edu_lmvzmath/"
2020-01-27,1340,"Bildung","training_mathematik_lmvz","Nutzung des Fertigkeitstrainings 1-6 für Mathematik auf der Primarstufe","global","Anzahl Starts Fertigkeitstraining","Lehrmittelverlag Zürich","täglich","Ja","https://bildungsmonitoringzh.github.io/covid19_edu_lmvzmath/"
2020-01-28,1554,"Bildung","training_mathematik_lmvz","Nutzung des Fertigkeitstrainings 1-6 für Mathematik auf der Primarstufe","global","Anzahl Starts Fertigkeitstraining","Lehrmittelverlag Zürich","täglich","Ja","https://bildungsmonitoringzh.github.io/covid19_edu_lmvzmath/"
2020-01-29,1483,"Bildung","training_mathematik_lmvz","Nutzung des Fertigkeitstrainings 1-6 für Mathematik auf der Primarstufe","global","Anzahl Starts Fertigkeitstraining","Lehrmittelverlag Zürich","täglich","Ja","https://bildungsmonitoringzh.github.io/covid19_edu_lmvzmath/"
2020-01-30,856,"Bildung","training_mathematik_lmvz","Nutzung des Fertigkeitstrainings 1-6 für Mathematik auf der Primarstufe","global","Anzahl Starts Fertigkeitstraining","Lehrmittelverlag Zürich","täglich","Ja","https://bildungsmonitoringzh.github.io/covid19_edu_lmvzmath/"
2020-01-31,544,"Bildung","training_mathematik_lmvz","Nutzung des Fertigkeitstrainings 1-6 für Mathematik auf der Primarstufe","global","Anzahl Starts Fertigkeitstraining","Lehrmittelverlag Zürich","täglich","Ja","https://bildungsmonitoringzh.github.io/covid19_edu_lmvzmath/"
2020-02-01,160,"Bildung","training_mathematik_lmvz","Nutzung des Fertigkeitstrainings 1-6 für Mathematik auf der Primarstufe","global","Anzahl Starts Fertigkeitstraining","Lehrmittelverlag Zürich","täglich","Ja","https://bildungsmonitoringzh.github.io/covid19_edu_lmvzmath/"
2020-02-02,490,"Bildung","training_mathematik_lmvz","Nutzung des Fertigkeitstrainings 1-6 für Mathematik auf der Primarstufe","global","Anzahl Starts Fertigkeitstraining","Lehrmittelverlag Zürich","täglich","Ja","https://bildungsmonitoringzh.github.io/covid19_edu_lmvzmath/"
2020-02-03,1458,"Bildung","training_mathematik_lmvz","Nutzung des Fertigkeitstrainings 1-6 für Mathematik auf der Primarstufe","global","Anzahl Starts Fertigkeitstraining","Lehrmittelverlag Zürich","täglich","Ja","https://bildungsmonitoringzh.github.io/covid19_edu_lmvzmath/"
2020-02-04,1510,"Bildung","training_mathematik_lmvz","Nutzung des Fertigkeitstrainings 1-6 für Mathematik auf der Primarstufe","global","Anzahl Starts Fertigkeitstraining","Lehrmittelverlag Zürich","täglich","Ja","https://bildungsmonitoringzh.github.io/covid19_edu_lmvzmath/"
2020-02-05,1502,"Bildung","training_mathematik_lmvz","Nutzung des Fertigkeitstrainings 1-6 für Mathematik auf der Primarstufe","global","Anzahl Starts Fertigkeitstraining","Lehrmittelverlag Zürich","täglich","Ja","https://bildungsmonitoringzh.github.io/covid19_edu_lmvzmath/"
2020-02-06,1557,"Bildung","training_mathematik_lmvz","Nutzung des Fertigkeitstrainings 1-6 für Mathematik auf der Primarstufe","global","Anzahl Starts Fertigkeitstraining","Lehrmittelverlag Zürich","täglich","Ja","https://bildungsmonitoringzh.github.io/covid19_edu_lmvzmath/"
2020-02-07,925,"Bildung","training_mathematik_lmvz","Nutzung des Fertigkeitstrainings 1-6 für Mathematik auf der Primarstufe","global","Anzahl Starts Fertigkeitstraining","Lehrmittelverlag Zürich","täglich","Ja","https://bildungsmonitoringzh.github.io/covid19_edu_lmvzmath/"
2020-02-08,288,"Bildung","training_mathematik_lmvz","Nutzung des Fertigkeitstrainings 1-6 für Mathematik auf der Primarstufe","global","Anzahl Starts Fertigkeitstraining","Lehrmittelverlag Zürich","täglich","Ja","https://bildungsmonitoringzh.github.io/covid19_edu_lmvzmath/"
2020-02-09,433,"Bildung","training_mathematik_lmvz","Nutzung des Fertigkeitstrainings 1-6 für Mathematik auf der Primarstufe","global","Anzahl Starts Fertigkeitstraining","Lehrmittelverlag Zürich","täglich","Ja","https://bildungsmonitoringzh.github.io/covid19_edu_lmvzmath/"
2020-02-10,1334,"Bildung","training_mathematik_lmvz","Nutzung des Fertigkeitstrainings 1-6 für Mathematik auf der Primarstufe","global","Anzahl Starts Fertigkeitstraining","Lehrmittelverlag Zürich","täglich","Ja","https://bildungsmonitoringzh.github.io/covid19_edu_lmvzmath/"
2020-02-11,1583,"Bildung","training_mathematik_lmvz","Nutzung des Fertigkeitstrainings 1-6 für Mathematik auf der Primarstufe","global","Anzahl Starts Fertigkeitstraining","Lehrmittelverlag Zürich","täglich","Ja","https://bildungsmonitoringzh.github.io/covid19_edu_lmvzmath/"
2020-02-12,1309,"Bildung","training_mathematik_lmvz","Nutzung des Fertigkeitstrainings 1-6 für Mathematik auf der Primarstufe","global","Anzahl Starts Fertigkeitstraining","Lehrmittelverlag Zürich","täglich","Ja","https://bildungsmonitoringzh.github.io/covid19_edu_lmvzmath/"
2020-02-13,1306,"Bildung","training_mathematik_lmvz","Nutzung des Fertigkeitstrainings 1-6 für Mathematik auf der Primarstufe","global","Anzahl Starts Fertigkeitstraining","Lehrmittelverlag Zürich","täglich","Ja","https://bildungsmonitoringzh.github.io/covid19_edu_lmvzmath/"
2020-02-14,822,"Bildung","training_mathematik_lmvz","Nutzung des Fertigkeitstrainings 1-6 für Mathematik auf der Primarstufe","global","Anzahl Starts Fertigkeitstraining","Lehrmittelverlag Zürich","täglich","Ja","https://bildungsmonitoringzh.github.io/covid19_edu_lmvzmath/"
2020-02-15,135,"Bildung","training_mathematik_lmvz","Nutzung des Fertigkeitstrainings 1-6 für Mathematik auf der Primarstufe","global","Anzahl Starts Fertigkeitstraining","Lehrmittelverlag Zürich","täglich","Ja","https://bildungsmonitoringzh.github.io/covid19_edu_lmvzmath/"
2020-02-16,263,"Bildung","training_mathematik_lmvz","Nutzung des Fertigkeitstrainings 1-6 für Mathematik auf der Primarstufe","global","Anzahl Starts Fertigkeitstraining","Lehrmittelverlag Zürich","täglich","Ja","https://bildungsmonitoringzh.github.io/covid19_edu_lmvzmath/"
2020-02-17,1430,"Bildung","training_mathematik_lmvz","Nutzung des Fertigkeitstrainings 1-6 für Mathematik auf der Primarstufe","global","Anzahl Starts Fertigkeitstraining","Lehrmittelverlag Zürich","täglich","Ja","https://bildungsmonitoringzh.github.io/covid19_edu_lmvzmath/"
2020-02-18,1474,"Bildung","training_mathematik_lmvz","Nutzung des Fertigkeitstrainings 1-6 für Mathematik auf der Primarstufe","global","Anzahl Starts Fertigkeitstraining","Lehrmittelverlag Zürich","täglich","Ja","https://bildungsmonitoringzh.github.io/covid19_edu_lmvzmath/"
2020-02-19,1193,"Bildung","training_mathematik_lmvz","Nutzung des Fertigkeitstrainings 1-6 für Mathematik auf der Primarstufe","global","Anzahl Starts Fertigkeitstraining","Lehrmittelverlag Zürich","täglich","Ja","https://bildungsmonitoringzh.github.io/covid19_edu_lmvzmath/"
2020-02-20,1137,"Bildung","training_mathematik_lmvz","Nutzung des Fertigkeitstrainings 1-6 für Mathematik auf der Primarstufe","global","Anzahl Starts Fertigkeitstraining","Lehrmittelverlag Zürich","täglich","Ja","https://bildungsmonitoringzh.github.io/covid19_edu_lmvzmath/"
2020-02-21,801,"Bildung","training_mathematik_lmvz","Nutzung des Fertigkeitstrainings 1-6 für Mathematik auf der Primarstufe","global","Anzahl Starts Fertigkeitstraining","Lehrmittelverlag Zürich","täglich","Ja","https://bildungsmonitoringzh.github.io/covid19_edu_lmvzmath/"
2020-02-22,134,"Bildung","training_mathematik_lmvz","Nutzung des Fertigkeitstrainings 1-6 für Mathematik auf der Primarstufe","global","Anzahl Starts Fertigkeitstraining","Lehrmittelverlag Zürich","täglich","Ja","https://bildungsmonitoringzh.github.io/covid19_edu_lmvzmath/"
2020-02-23,317,"Bildung","training_mathematik_lmvz","Nutzung des Fertigkeitstrainings 1-6 für Mathematik auf der Primarstufe","global","Anzahl Starts Fertigkeitstraining","Lehrmittelverlag Zürich","täglich","Ja","https://bildungsmonitoringzh.github.io/covid19_edu_lmvzmath/"
2020-02-24,1682,"Bildung","training_mathematik_lmvz","Nutzung des Fertigkeitstrainings 1-6 für Mathematik auf der Primarstufe","global","Anzahl Starts Fertigkeitstraining","Lehrmittelverlag Zürich","täglich","Ja","https://bildungsmonitoringzh.github.io/covid19_edu_lmvzmath/"
2020-02-25,1943,"Bildung","training_mathematik_lmvz","Nutzung des Fertigkeitstrainings 1-6 für Mathematik auf der Primarstufe","global","Anzahl Starts Fertigkeitstraining","Lehrmittelverlag Zürich","täglich","Ja","https://bildungsmonitoringzh.github.io/covid19_edu_lmvzmath/"
2020-02-26,1771,"Bildung","training_mathematik_lmvz","Nutzung des Fertigkeitstrainings 1-6 für Mathematik auf der Primarstufe","global","Anzahl Starts Fertigkeitstraining","Lehrmittelverlag Zürich","täglich","Ja","https://bildungsmonitoringzh.github.io/covid19_edu_lmvzmath/"
2020-02-27,1815,"Bildung","training_mathematik_lmvz","Nutzung des Fertigkeitstrainings 1-6 für Mathematik auf der Primarstufe","global","Anzahl Starts Fertigkeitstraining","Lehrmittelverlag Zürich","täglich","Ja","https://bildungsmonitoringzh.github.io/covid19_edu_lmvzmath/"
2020-02-28,988,"Bildung","training_mathematik_lmvz","Nutzung des Fertigkeitstrainings 1-6 für Mathematik auf der Primarstufe","global","Anzahl Starts Fertigkeitstraining","Lehrmittelverlag Zürich","täglich","Ja","https://bildungsmonitoringzh.github.io/covid19_edu_lmvzmath/"
2020-02-29,348,"Bildung","training_mathematik_lmvz","Nutzung des Fertigkeitstrainings 1-6 für Mathematik auf der Primarstufe","global","Anzahl Starts Fertigkeitstraining","Lehrmittelverlag Zürich","täglich","Ja","https://bildungsmonitoringzh.github.io/covid19_edu_lmvzmath/"
2020-03-01,585,"Bildung","training_mathematik_lmvz","Nutzung des Fertigkeitstrainings 1-6 für Mathematik auf der Primarstufe","global","Anzahl Starts Fertigkeitstraining","Lehrmittelverlag Zürich","täglich","Ja","https://bildungsmonitoringzh.github.io/covid19_edu_lmvzmath/"
2020-03-02,1936,"Bildung","training_mathematik_lmvz","Nutzung des Fertigkeitstrainings 1-6 für Mathematik auf der Primarstufe","global","Anzahl Starts Fertigkeitstraining","Lehrmittelverlag Zürich","täglich","Ja","https://bildungsmonitoringzh.github.io/covid19_edu_lmvzmath/"
2020-03-03,2281,"Bildung","training_mathematik_lmvz","Nutzung des Fertigkeitstrainings 1-6 für Mathematik auf der Primarstufe","global","Anzahl Starts Fertigkeitstraining","Lehrmittelverlag Zürich","täglich","Ja","https://bildungsmonitoringzh.github.io/covid19_edu_lmvzmath/"
2020-03-04,2059,"Bildung","training_mathematik_lmvz","Nutzung des Fertigkeitstrainings 1-6 für Mathematik auf der Primarstufe","global","Anzahl Starts Fertigkeitstraining","Lehrmittelverlag Zürich","täglich","Ja","https://bildungsmonitoringzh.github.io/covid19_edu_lmvzmath/"
2020-03-05,2675,"Bildung","training_mathematik_lmvz","Nutzung des Fertigkeitstrainings 1-6 für Mathematik auf der Primarstufe","global","Anzahl Starts Fertigkeitstraining","Lehrmittelverlag Zürich","täglich","Ja","https://bildungsmonitoringzh.github.io/covid19_edu_lmvzmath/"
2020-03-06,1674,"Bildung","training_mathematik_lmvz","Nutzung des Fertigkeitstrainings 1-6 für Mathematik auf der Primarstufe","global","Anzahl Starts Fertigkeitstraining","Lehrmittelverlag Zürich","täglich","Ja","https://bildungsmonitoringzh.github.io/covid19_edu_lmvzmath/"
2020-03-07,490,"Bildung","training_mathematik_lmvz","Nutzung des Fertigkeitstrainings 1-6 für Mathematik auf der Primarstufe","global","Anzahl Starts Fertigkeitstraining","Lehrmittelverlag Zürich","täglich","Ja","https://bildungsmonitoringzh.github.io/covid19_edu_lmvzmath/"
2020-03-08,725,"Bildung","training_mathematik_lmvz","Nutzung des Fertigkeitstrainings 1-6 für Mathematik auf der Primarstufe","global","Anzahl Starts Fertigkeitstraining","Lehrmittelverlag Zürich","täglich","Ja","https://bildungsmonitoringzh.github.io/covid19_edu_lmvzmath/"
2020-03-09,2560,"Bildung","training_mathematik_lmvz","Nutzung des Fertigkeitstrainings 1-6 für Mathematik auf der Primarstufe","global","Anzahl Starts Fertigkeitstraining","Lehrmittelverlag Zürich","täglich","Ja","https://bildungsmonitoringzh.github.io/covid19_edu_lmvzmath/"
2020-03-10,3372,"Bildung","training_mathematik_lmvz","Nutzung des Fertigkeitstrainings 1-6 für Mathematik auf der Primarstufe","global","Anzahl Starts Fertigkeitstraining","Lehrmittelverlag Zürich","täglich","Ja","https://bildungsmonitoringzh.github.io/covid19_edu_lmvzmath/"
2020-03-11,2909,"Bildung","training_mathematik_lmvz","Nutzung des Fertigkeitstrainings 1-6 für Mathematik auf der Primarstufe","global","Anzahl Starts Fertigkeitstraining","Lehrmittelverlag Zürich","täglich","Ja","https://bildungsmonitoringzh.github.io/covid19_edu_lmvzmath/"
2020-03-12,2993,"Bildung","training_mathematik_lmvz","Nutzung des Fertigkeitstrainings 1-6 für Mathematik auf der Primarstufe","global","Anzahl Starts Fertigkeitstraining","Lehrmittelverlag Zürich","täglich","Ja","https://bildungsmonitoringzh.github.io/covid19_edu_lmvzmath/"
2020-03-13,2156,"Bildung","training_mathematik_lmvz","Nutzung des Fertigkeitstrainings 1-6 für Mathematik auf der Primarstufe","global","Anzahl Starts Fertigkeitstraining","Lehrmittelverlag Zürich","täglich","Ja","https://bildungsmonitoringzh.github.io/covid19_edu_lmvzmath/"
2020-03-14,930,"Bildung","training_mathematik_lmvz","Nutzung des Fertigkeitstrainings 1-6 für Mathematik auf der Primarstufe","global","Anzahl Starts Fertigkeitstraining","Lehrmittelverlag Zürich","täglich","Ja","https://bildungsmonitoringzh.github.io/covid19_edu_lmvzmath/"
2020-03-15,908,"Bildung","training_mathematik_lmvz","Nutzung des Fertigkeitstrainings 1-6 für Mathematik auf der Primarstufe","global","Anzahl Starts Fertigkeitstraining","Lehrmittelverlag Zürich","täglich","Ja","https://bildungsmonitoringzh.github.io/covid19_edu_lmvzmath/"
2020-03-16,4277,"Bildung","training_mathematik_lmvz","Nutzung des Fertigkeitstrainings 1-6 für Mathematik auf der Primarstufe","global","Anzahl Starts Fertigkeitstraining","Lehrmittelverlag Zürich","täglich","Ja","https://bildungsmonitoringzh.github.io/covid19_edu_lmvzmath/"
2020-03-17,7594,"Bildung","training_mathematik_lmvz","Nutzung des Fertigkeitstrainings 1-6 für Mathematik auf der Primarstufe","global","Anzahl Starts Fertigkeitstraining","Lehrmittelverlag Zürich","täglich","Ja","https://bildungsmonitoringzh.github.io/covid19_edu_lmvzmath/"
2020-03-18,8251,"Bildung","training_mathematik_lmvz","Nutzung des Fertigkeitstrainings 1-6 für Mathematik auf der Primarstufe","global","Anzahl Starts Fertigkeitstraining","Lehrmittelverlag Zürich","täglich","Ja","https://bildungsmonitoringzh.github.io/covid19_edu_lmvzmath/"
2020-03-19,7977,"Bildung","training_mathematik_lmvz","Nutzung des Fertigkeitstrainings 1-6 für Mathematik auf der Primarstufe","global","Anzahl Starts Fertigkeitstraining","Lehrmittelverlag Zürich","täglich","Ja","https://bildungsmonitoringzh.github.io/covid19_edu_lmvzmath/"
2020-03-20,5679,"Bildung","training_mathematik_lmvz","Nutzung des Fertigkeitstrainings 1-6 für Mathematik auf der Primarstufe","global","Anzahl Starts Fertigkeitstraining","Lehrmittelverlag Zürich","täglich","Ja","https://bildungsmonitoringzh.github.io/covid19_edu_lmvzmath/"
2020-03-21,4035,"Bildung","training_mathematik_lmvz","Nutzung des Fertigkeitstrainings 1-6 für Mathematik auf der Primarstufe","global","Anzahl Starts Fertigkeitstraining","Lehrmittelverlag Zürich","täglich","Ja","https://bildungsmonitoringzh.github.io/covid19_edu_lmvzmath/"
2020-03-22,3785,"Bildung","training_mathematik_lmvz","Nutzung des Fertigkeitstrainings 1-6 für Mathematik auf der Primarstufe","global","Anzahl Starts Fertigkeitstraining","Lehrmittelverlag Zürich","täglich","Ja","https://bildungsmonitoringzh.github.io/covid19_edu_lmvzmath/"
2020-03-23,11022,"Bildung","training_mathematik_lmvz","Nutzung des Fertigkeitstrainings 1-6 für Mathematik auf der Primarstufe","global","Anzahl Starts Fertigkeitstraining","Lehrmittelverlag Zürich","täglich","Ja","https://bildungsmonitoringzh.github.io/covid19_edu_lmvzmath/"
2020-03-24,10777,"Bildung","training_mathematik_lmvz","Nutzung des Fertigkeitstrainings 1-6 für Mathematik auf der Primarstufe","global","Anzahl Starts Fertigkeitstraining","Lehrmittelverlag Zürich","täglich","Ja","https://bildungsmonitoringzh.github.io/covid19_edu_lmvzmath/"
2020-03-25,10843,"Bildung","training_mathematik_lmvz","Nutzung des Fertigkeitstrainings 1-6 für Mathematik auf der Primarstufe","global","Anzahl Starts Fertigkeitstraining","Lehrmittelverlag Zürich","täglich","Ja","https://bildungsmonitoringzh.github.io/covid19_edu_lmvzmath/"
2020-03-26,10081,"Bildung","training_mathematik_lmvz","Nutzung des Fertigkeitstrainings 1-6 für Mathematik auf der Primarstufe","global","Anzahl Starts Fertigkeitstraining","Lehrmittelverlag Zürich","täglich","Ja","https://bildungsmonitoringzh.github.io/covid19_edu_lmvzmath/"
2020-03-27,8368,"Bildung","training_mathematik_lmvz","Nutzung des Fertigkeitstrainings 1-6 für Mathematik auf der Primarstufe","global","Anzahl Starts Fertigkeitstraining","Lehrmittelverlag Zürich","täglich","Ja","https://bildungsmonitoringzh.github.io/covid19_edu_lmvzmath/"
2020-03-28,1892,"Bildung","training_mathematik_lmvz","Nutzung des Fertigkeitstrainings 1-6 für Mathematik auf der Primarstufe","global","Anzahl Starts Fertigkeitstraining","Lehrmittelverlag Zürich","täglich","Ja","https://bildungsmonitoringzh.github.io/covid19_edu_lmvzmath/"
2020-03-29,2481,"Bildung","training_mathematik_lmvz","Nutzung des Fertigkeitstrainings 1-6 für Mathematik auf der Primarstufe","global","Anzahl Starts Fertigkeitstraining","Lehrmittelverlag Zürich","täglich","Ja","https://bildungsmonitoringzh.github.io/covid19_edu_lmvzmath/"
2020-03-30,10150,"Bildung","training_mathematik_lmvz","Nutzung des Fertigkeitstrainings 1-6 für Mathematik auf der Primarstufe","global","Anzahl Starts Fertigkeitstraining","Lehrmittelverlag Zürich","täglich","Ja","https://bildungsmonitoringzh.github.io/covid19_edu_lmvzmath/"
2020-03-31,8683,"Bildung","training_mathematik_lmvz","Nutzung des Fertigkeitstrainings 1-6 für Mathematik auf der Primarstufe","global","Anzahl Starts Fertigkeitstraining","Lehrmittelverlag Zürich","täglich","Ja","https://bildungsmonitoringzh.github.io/covid19_edu_lmvzmath/"
2020-04-01,8239,"Bildung","training_mathematik_lmvz","Nutzung des Fertigkeitstrainings 1-6 für Mathematik auf der Primarstufe","global","Anzahl Starts Fertigkeitstraining","Lehrmittelverlag Zürich","täglich","Ja","https://bildungsmonitoringzh.github.io/covid19_edu_lmvzmath/"
2020-04-02,8073,"Bildung","training_mathematik_lmvz","Nutzung des Fertigkeitstrainings 1-6 für Mathematik auf der Primarstufe","global","Anzahl Starts Fertigkeitstraining","Lehrmittelverlag Zürich","täglich","Ja","https://bildungsmonitoringzh.github.io/covid19_edu_lmvzmath/"
2020-04-03,7070,"Bildung","training_mathematik_lmvz","Nutzung des Fertigkeitstrainings 1-6 für Mathematik auf der Primarstufe","global","Anzahl Starts Fertigkeitstraining","Lehrmittelverlag Zürich","täglich","Ja","https://bildungsmonitoringzh.github.io/covid19_edu_lmvzmath/"
2020-04-04,1250,"Bildung","training_mathematik_lmvz","Nutzung des Fertigkeitstrainings 1-6 für Mathematik auf der Primarstufe","global","Anzahl Starts Fertigkeitstraining","Lehrmittelverlag Zürich","täglich","Ja","https://bildungsmonitoringzh.github.io/covid19_edu_lmvzmath/"
2020-04-05,1352,"Bildung","training_mathematik_lmvz","Nutzung des Fertigkeitstrainings 1-6 für Mathematik auf der Primarstufe","global","Anzahl Starts Fertigkeitstraining","Lehrmittelverlag Zürich","täglich","Ja","https://bildungsmonitoringzh.github.io/covid19_edu_lmvzmath/"
2020-04-06,6603,"Bildung","training_mathematik_lmvz","Nutzung des Fertigkeitstrainings 1-6 für Mathematik auf der Primarstufe","global","Anzahl Starts Fertigkeitstraining","Lehrmittelverlag Zürich","täglich","Ja","https://bildungsmonitoringzh.github.io/covid19_edu_lmvzmath/"
2020-04-07,5828,"Bildung","training_mathematik_lmvz","Nutzung des Fertigkeitstrainings 1-6 für Mathematik auf der Primarstufe","global","Anzahl Starts Fertigkeitstraining","Lehrmittelverlag Zürich","täglich","Ja","https://bildungsmonitoringzh.github.io/covid19_edu_lmvzmath/"
2020-04-08,5145,"Bildung","training_mathematik_lmvz","Nutzung des Fertigkeitstrainings 1-6 für Mathematik auf der Primarstufe","global","Anzahl Starts Fertigkeitstraining","Lehrmittelverlag Zürich","täglich","Ja","https://bildungsmonitoringzh.github.io/covid19_edu_lmvzmath/"
2020-04-09,3391,"Bildung","training_mathematik_lmvz","Nutzung des Fertigkeitstrainings 1-6 für Mathematik auf der Primarstufe","global","Anzahl Starts Fertigkeitstraining","Lehrmittelverlag Zürich","täglich","Ja","https://bildungsmonitoringzh.github.io/covid19_edu_lmvzmath/"
2020-04-10,1045,"Bildung","training_mathematik_lmvz","Nutzung des Fertigkeitstrainings 1-6 für Mathematik auf der Primarstufe","global","Anzahl Starts Fertigkeitstraining","Lehrmittelverlag Zürich","täglich","Ja","https://bildungsmonitoringzh.github.io/covid19_edu_lmvzmath/"
2020-04-11,627,"Bildung","training_mathematik_lmvz","Nutzung des Fertigkeitstrainings 1-6 für Mathematik auf der Primarstufe","global","Anzahl Starts Fertigkeitstraining","Lehrmittelverlag Zürich","täglich","Ja","https://bildungsmonitoringzh.github.io/covid19_edu_lmvzmath/"
2020-04-12,445,"Bildung","training_mathematik_lmvz","Nutzung des Fertigkeitstrainings 1-6 für Mathematik auf der Primarstufe","global","Anzahl Starts Fertigkeitstraining","Lehrmittelverlag Zürich","täglich","Ja","https://bildungsmonitoringzh.github.io/covid19_edu_lmvzmath/"
2020-04-13,1036,"Bildung","training_mathematik_lmvz","Nutzung des Fertigkeitstrainings 1-6 für Mathematik auf der Primarstufe","global","Anzahl Starts Fertigkeitstraining","Lehrmittelverlag Zürich","täglich","Ja","https://bildungsmonitoringzh.github.io/covid19_edu_lmvzmath/"
2020-04-14,2793,"Bildung","training_mathematik_lmvz","Nutzung des Fertigkeitstrainings 1-6 für Mathematik auf der Primarstufe","global","Anzahl Starts Fertigkeitstraining","Lehrmittelverlag Zürich","täglich","Ja","https://bildungsmonitoringzh.github.io/covid19_edu_lmvzmath/"
2020-04-15,2500,"Bildung","training_mathematik_lmvz","Nutzung des Fertigkeitstrainings 1-6 für Mathematik auf der Primarstufe","global","Anzahl Starts Fertigkeitstraining","Lehrmittelverlag Zürich","täglich","Ja","https://bildungsmonitoringzh.github.io/covid19_edu_lmvzmath/"
2020-04-16,2267,"Bildung","training_mathematik_lmvz","Nutzung des Fertigkeitstrainings 1-6 für Mathematik auf der Primarstufe","global","Anzahl Starts Fertigkeitstraining","Lehrmittelverlag Zürich","täglich","Ja","https://bildungsmonitoringzh.github.io/covid19_edu_lmvzmath/"
2020-04-17,1983,"Bildung","training_mathematik_lmvz","Nutzung des Fertigkeitstrainings 1-6 für Mathematik auf der Primarstufe","global","Anzahl Starts Fertigkeitstraining","Lehrmittelverlag Zürich","täglich","Ja","https://bildungsmonitoringzh.github.io/covid19_edu_lmvzmath/"
2020-04-18,737,"Bildung","training_mathematik_lmvz","Nutzung des Fertigkeitstrainings 1-6 für Mathematik auf der Primarstufe","global","Anzahl Starts Fertigkeitstraining","Lehrmittelverlag Zürich","täglich","Ja","https://bildungsmonitoringzh.github.io/covid19_edu_lmvzmath/"
2020-04-19,973,"Bildung","training_mathematik_lmvz","Nutzung des Fertigkeitstrainings 1-6 für Mathematik auf der Primarstufe","global","Anzahl Starts Fertigkeitstraining","Lehrmittelverlag Zürich","täglich","Ja","https://bildungsmonitoringzh.github.io/covid19_edu_lmvzmath/"
2020-04-20,4043,"Bildung","training_mathematik_lmvz","Nutzung des Fertigkeitstrainings 1-6 für Mathematik auf der Primarstufe","global","Anzahl Starts Fertigkeitstraining","Lehrmittelverlag Zürich","täglich","Ja","https://bildungsmonitoringzh.github.io/covid19_edu_lmvzmath/"
2020-04-21,3890,"Bildung","training_mathematik_lmvz","Nutzung des Fertigkeitstrainings 1-6 für Mathematik auf der Primarstufe","global","Anzahl Starts Fertigkeitstraining","Lehrmittelverlag Zürich","täglich","Ja","https://bildungsmonitoringzh.github.io/covid19_edu_lmvzmath/"
2020-04-22,3550,"Bildung","training_mathematik_lmvz","Nutzung des Fertigkeitstrainings 1-6 für Mathematik auf der Primarstufe","global","Anzahl Starts Fertigkeitstraining","Lehrmittelverlag Zürich","täglich","Ja","https://bildungsmonitoringzh.github.io/covid19_edu_lmvzmath/"
2020-04-23,3389,"Bildung","training_mathematik_lmvz","Nutzung des Fertigkeitstrainings 1-6 für Mathematik auf der Primarstufe","global","Anzahl Starts Fertigkeitstraining","Lehrmittelverlag Zürich","täglich","Ja","https://bildungsmonitoringzh.github.io/covid19_edu_lmvzmath/"
2020-04-24,2971,"Bildung","training_mathematik_lmvz","Nutzung des Fertigkeitstrainings 1-6 für Mathematik auf der Primarstufe","global","Anzahl Starts Fertigkeitstraining","Lehrmittelverlag Zürich","täglich","Ja","https://bildungsmonitoringzh.github.io/covid19_edu_lmvzmath/"
2020-04-25,892,"Bildung","training_mathematik_lmvz","Nutzung des Fertigkeitstrainings 1-6 für Mathematik auf der Primarstufe","global","Anzahl Starts Fertigkeitstraining","Lehrmittelverlag Zürich","täglich","Ja","https://bildungsmonitoringzh.github.io/covid19_edu_lmvzmath/"
2020-04-26,1312,"Bildung","training_mathematik_lmvz","Nutzung des Fertigkeitstrainings 1-6 für Mathematik auf der Primarstufe","global","Anzahl Starts Fertigkeitstraining","Lehrmittelverlag Zürich","täglich","Ja","https://bildungsmonitoringzh.github.io/covid19_edu_lmvzmath/"
2020-04-27,4749,"Bildung","training_mathematik_lmvz","Nutzung des Fertigkeitstrainings 1-6 für Mathematik auf der Primarstufe","global","Anzahl Starts Fertigkeitstraining","Lehrmittelverlag Zürich","täglich","Ja","https://bildungsmonitoringzh.github.io/covid19_edu_lmvzmath/"
2020-04-28,4917,"Bildung","training_mathematik_lmvz","Nutzung des Fertigkeitstrainings 1-6 für Mathematik auf der Primarstufe","global","Anzahl Starts Fertigkeitstraining","Lehrmittelverlag Zürich","täglich","Ja","https://bildungsmonitoringzh.github.io/covid19_edu_lmvzmath/"
2020-04-29,4965,"Bildung","training_mathematik_lmvz","Nutzung des Fertigkeitstrainings 1-6 für Mathematik auf der Primarstufe","global","Anzahl Starts Fertigkeitstraining","Lehrmittelverlag Zürich","täglich","Ja","https://bildungsmonitoringzh.github.io/covid19_edu_lmvzmath/"
2020-04-30,4583,"Bildung","training_mathematik_lmvz","Nutzung des Fertigkeitstrainings 1-6 für Mathematik auf der Primarstufe","global","Anzahl Starts Fertigkeitstraining","Lehrmittelverlag Zürich","täglich","Ja","https://bildungsmonitoringzh.github.io/covid19_edu_lmvzmath/"
2020-05-01,2414,"Bildung","training_mathematik_lmvz","Nutzung des Fertigkeitstrainings 1-6 für Mathematik auf der Primarstufe","global","Anzahl Starts Fertigkeitstraining","Lehrmittelverlag Zürich","täglich","Ja","https://bildungsmonitoringzh.github.io/covid19_edu_lmvzmath/"
2020-05-02,951,"Bildung","training_mathematik_lmvz","Nutzung des Fertigkeitstrainings 1-6 für Mathematik auf der Primarstufe","global","Anzahl Starts Fertigkeitstraining","Lehrmittelverlag Zürich","täglich","Ja","https://bildungsmonitoringzh.github.io/covid19_edu_lmvzmath/"
2020-05-03,857,"Bildung","training_mathematik_lmvz","Nutzung des Fertigkeitstrainings 1-6 für Mathematik auf der Primarstufe","global","Anzahl Starts Fertigkeitstraining","Lehrmittelverlag Zürich","täglich","Ja","https://bildungsmonitoringzh.github.io/covid19_edu_lmvzmath/"
2020-05-04,4281,"Bildung","training_mathematik_lmvz","Nutzung des Fertigkeitstrainings 1-6 für Mathematik auf der Primarstufe","global","Anzahl Starts Fertigkeitstraining","Lehrmittelverlag Zürich","täglich","Ja","https://bildungsmonitoringzh.github.io/covid19_edu_lmvzmath/"
2020-05-05,4294,"Bildung","training_mathematik_lmvz","Nutzung des Fertigkeitstrainings 1-6 für Mathematik auf der Primarstufe","global","Anzahl Starts Fertigkeitstraining","Lehrmittelverlag Zürich","täglich","Ja","https://bildungsmonitoringzh.github.io/covid19_edu_lmvzmath/"
2020-05-06,4463,"Bildung","training_mathematik_lmvz","Nutzung des Fertigkeitstrainings 1-6 für Mathematik auf der Primarstufe","global","Anzahl Starts Fertigkeitstraining","Lehrmittelverlag Zürich","täglich","Ja","https://bildungsmonitoringzh.github.io/covid19_edu_lmvzmath/"
2020-05-07,11116,"Bildung","training_mathematik_lmvz","Nutzung des Fertigkeitstrainings 1-6 für Mathematik auf der Primarstufe","global","Anzahl Starts Fertigkeitstraining","Lehrmittelverlag Zürich","täglich","Ja","https://bildungsmonitoringzh.github.io/covid19_edu_lmvzmath/"
2020-05-08,3621,"Bildung","training_mathematik_lmvz","Nutzung des Fertigkeitstrainings 1-6 für Mathematik auf der Primarstufe","global","Anzahl Starts Fertigkeitstraining","Lehrmittelverlag Zürich","täglich","Ja","https://bildungsmonitoringzh.github.io/covid19_edu_lmvzmath/"
2020-05-09,548,"Bildung","training_mathematik_lmvz","Nutzung des Fertigkeitstrainings 1-6 für Mathematik auf der Primarstufe","global","Anzahl Starts Fertigkeitstraining","Lehrmittelverlag Zürich","täglich","Ja","https://bildungsmonitoringzh.github.io/covid19_edu_lmvzmath/"
